Id,Mid,BPM,,,MusicJson,Musician,Acceleration,AniID,BridgeAniID
音乐ID[int],,,基础音符,难度系数,音乐JSON文件[string],音乐家,竞技场加速度,特效索引,过渡特效索引
101,100001,90,0.5,180,Little Star,English Folk Music,,1024001,2048001
102,100001,101,0.5,202,Little Star,,,1024002,2048002
103,100001,110,0.5,220,Little Star,,,1024008,
201,100002,105,0.5,210,Jingle Bells,James Lord Pierpont,,,
202,100002,110,0.5,220,Jingle Bells,,,,
203,100002,115,0.5,230,Jingle Bells,,,,
301,100003,63,0.25,252,Canon,Johann Pachelbel,,,
302,100003,63,0.25,252,Canon,,,,
303,100003,64,0.25,256,Canon,,,,
401,100004,125,0.5,250,Two Tigers,French Folk Music,,1024001,2048001
402,100004,130,0.5,260,Two Tigers,,,1024002,2048002
403,100004,135,0.5,270,Two Tigers,,,1024010,
501,100005,125,0.5,250,Happy New Year,English Folk Music,,,
502,100005,130,0.5,260,Happy New Year,,,,
503,100005,135,0.5,270,Happy New Year,,,,
601,100006,115,0.5,230,Beyer No.8,Ferdinand Beyer,,,
602,100006,120,0.5,240,Beyer No.8,,,,
603,100006,125,0.5,250,Beyer No.8,,,,
701,100007,110,0.5,220,Bluestone Alley,Congfei Wei,,,
702,100007,118,0.5,236,Bluestone Alley,,,,
703,100007,125,0.5,250,Bluestone Alley,,,,
801,100008,120,0.5,240,Jasmine,Chinese Folk Music,,,
802,100008,65,0.25,260,Jasmine,,,,
803,100008,70,0.25,280,Jasmine,,,,
901,100009,120,0.5,240,Dolls and Bear Dancing,Polish Folk Music,,,
902,100009,63,0.25,252,Dolls and Bear Dancing,,,,
903,100009,130,0.5,260,Dolls and Bear Dancing,,,,
1001,100010,125,0.5,250,Happy Birthday to You,American Folk Music,,1024001,2048001
1002,100010,68,0.25,272,Happy Birthday to You,,,1024002,2048002
1003,100010,73,0.25,292,Happy Birthday to You,,,1024010,
1101,100011,115,0.5,230,Heidenroslein,Schubert,,,
1102,100011,128,0.5,256,Heidenroslein,,,,
1103,100011,140,0.5,280,Heidenroslein,,,,
1201,100012,120,0.5,240,The Painter,Polish Folk Music,,1024001,2048001
1202,100012,139,0.5,278,The Painter,,,1024002,2048002
1203,100012,156,0.5,312,The Painter,,,1024008,
1301,100013,120,0.5,240,Nocturne Op.9 No.2,Chopin,,1024001,2048001
1302,100013,139,0.5,278,Nocturne Op.9 No.2,,,1024002,2048002
1303,100013,156,0.5,312,Nocturne Op.9 No.2,,,1024008,
1401,100014,120,0.5,240,The Ruins of Athens No.4,Beethoven,,1024001,2048001
1402,100014,139,0.5,278,The Ruins of Athens No.4,,,1024002,2048002
1403,100014,156,0.5,312,The Ruins of Athens No.4,,,1024008,
1501,100015,135,0.5,270,Waltz in A minor,Chopin,,1024001,2048001
1502,100015,153,0.5,306,Waltz in A minor,,,1024002,2048002
1503,100015,167,0.5,334,Waltz in A minor,,,1024008,
1601,100016,135,0.5,270,Gavotte,Francois Joseph Gossec,,,
1602,100016,153,0.5,306,Gavotte,,,,
1603,100016,167,0.5,334,Gavotte,,,,
1701,100017,135,0.5,270,Por Una Cabeza,Carlos Gardel,,,
1702,100017,153,0.5,306,Por Una Cabeza,,,,
1703,100017,167,0.5,334,Por Una Cabeza,,,,
1801,100018,80,0.25,320,Moments Musicaux,Schubert,,,
1802,100018,86,0.25,344,Moments Musicaux,,,,
1803,100018,91,0.25,364,Moments Musicaux,,,,
1901,100019,80,0.25,320,Korobeiniki,Russian Folk Music,,,
1902,100019,86,0.25,344,Korobeiniki,,,,
1903,100019,91,0.25,364,Korobeiniki,,,,
2001,100020,135,0.5,270,Waltz Op.64 No.1,Chopin,,,
2002,100020,153,0.5,306,Waltz Op.64 No.1,,,,
2003,100020,167,0.5,334,Waltz Op.64 No.1,,,,
2101,100021,160,0.5,320,Dance of the Sugar Fairy,Tchaikovsky,,,
2102,100021,168,0.5,336,Dance of the Sugar Fairy,,,,
2103,100021,175,0.5,350,Dance of the Sugar Fairy,,,,
2201,100022,85,0.25,340,The Swan,Saint-Seans,,,
2202,100022,175,0.5,350,The Swan,,,,
2203,100022,90,0.25,360,The Swan,,,,
2301,100023,70,0.25,280,Prelude in C Major No.1,Bach,,,
2302,100023,73,0.25,292,Prelude in C Major No.1,,,,
2303,100023,75,0.25,300,Prelude in C Major No.1,,,,
2401,100024,155,0.5,310,Tritsch Tratsch Polka,Johann Strauss II,,,
2402,100024,160,0.5,320,Tritsch Tratsch Polka,,,,
2403,100024,165,0.5,330,Tritsch Tratsch Polka,,,,
2501,100025,190,0.5,380,Cancan,Jacques Offenbach,,,
2502,100025,195,0.5,390,Cancan,,,,
2503,100025,200,0.5,400,Cancan,,,,
2601,100026,82,0.25,328,Sonata in D Major K311,Mozart,,,
2602,100026,84,0.25,336,Sonata in D Major K311,,,,
2603,100026,87,0.25,348,Sonata in D Major K311,,,,
2701,100027,175,0.5,350,Symphony No.40 in g,Mozart,,,
2702,100027,179,0.5,358,Symphony No.40 in g,,,,
2703,100027,183,0.5,366,Symphony No.40 in g,,,,
2801,100028,100,0.25,400,G minor Bach,Unknown,,,
2802,100028,103,0.25,412,G minor Bach,,,,
2803,100028,105,0.25,420,G minor Bach,,,,
2901,100029,85,0.25,340,Sonatina Op.36 No.3,Kuhlau,,,
2902,100029,87,0.25,348,Sonatina Op.36 No.3,,,,
2903,100029,90,0.25,360,Sonatina Op.36 No.3,,,,
3001,100030,87,0.25,348,Etude Op.299 No.39,Czerny,,,
3002,100030,89,0.25,356,Etude Op.299 No.39,,,,
3003,100030,91,0.25,364,Etude Op.299 No.39,,,,
3101,100031,100,0.25,400,Sonata in C Major K545,Mozart,,,
3102,100031,102,0.25,408,Sonata in C Major K545,,,,
3103,100031,105,0.25,420,Sonata in C Major K545,,,,
3201,100032,180,0.5,360,Csikos Post,Hermann Necke,,,
3202,100032,185,0.5,370,Csikos Post,,,,
3203,100032,189,0.5,378,Csikos Post,,,,
3301,100033,180,0.5,360,Eine Kleine Nachtmusik,Mozart,,,
3302,100033,185,0.5,370,Eine Kleine Nachtmusik,,,,
3303,100033,189,0.5,378,Eine Kleine Nachtmusik,,,,
3401,100034,110,0.25,440,The Fountain,Carl Bohm,,,
3402,100034,113,0.25,452,The Fountain,,,,
3403,100034,116,0.25,464,The Fountain,,,,
3501,100035,90,0.25,360,Etude Op.10 No.4,Chopin,,,
3502,100035,92,0.25,368,Etude Op.10 No.4,,,,
3503,100035,95,0.25,380,Etude Op.10 No.4,,,,
3601,100036,100,0.25,400,Gypsy Rondo,Haydn,,,
3602,100036,103,0.25,412,Gypsy Rondo,,,,
3603,100036,105,0.25,420,Gypsy Rondo,,,,
3701,100037,110,0.25,440,Spanish Dances,Shostakovich,,,
3702,100037,113,0.25,452,Spanish Dances,,,,
3703,100037,116,0.25,464,Spanish Dances,,,,
3801,100038,90,0.25,360,Sonata in E Major,Bach,,,
3802,100038,92,0.25,368,Sonata in E Major,,,,
3803,100038,95,0.25,380,Sonata in E Major,,,,
3901,100039,100,0.25,400,Sonata in A Major K331,Mozart,,,
3902,100039,103,0.25,412,Sonata in A Major K331,,,,
3903,100039,105,0.25,420,Sonata in A Major K331,,,,
4001,100040,115,0.25,460,Hungarian Dance No.5,Johannes Brahms,,,
4002,100040,118,0.25,472,Hungarian Dance No.5,,,,
4003,100040,242,0.5,484,Hungarian Dance No.5,,,,
4101,100041,90,0.25,360,The Entertainer,Scott Joplin,,,
4102,100041,92,0.25,368,The Entertainer,,,,
4103,100041,95,0.25,380,The Entertainer,,,,
4201,100042,100,0.25,400,Santa Lucia,Italian Folk Music,,,
4202,100042,103,0.25,412,Santa Lucia,,,,
4203,100042,105,0.25,420,Santa Lucia,,,,
4301,100043,115,0.25,460,Horse Racing,Chinese Folk Music,,,
4302,100043,118,0.25,472,Horse Racing,,,,
4303,100043,242,0.5,484,Horse Racing,,,,
4401,100044,90,0.25,360,American Patrol,Frank Meacham,,,
4402,100044,92,0.25,368,American Patrol,,,,
4403,100044,95,0.25,380,American Patrol,,,,
4501,100045,100,0.25,400,Sonata No.34 - Finale,Haydn,,,
4502,100045,103,0.25,412,Sonata No.34 - Finale,,,,
4503,100045,105,0.25,420,Sonata No.34 - Finale,,,,
4601,100046,115,0.25,460,Polka,Joseph Kuffner,,,
4602,100046,118,0.25,472,Polka,,,,
4603,100046,121,0.25,484,Polka,,,,
4701,100047,200,0.5,400,Minuet No.3,Bach,,,
4702,100047,205,0.5,410,Minuet No.3,,,,
4703,100047,210,0.5,420,Minuet No.3,,,,
4801,100048,220,0.5,440,Radetzky March,Johann Strauss,,,
4802,100048,226,0.5,452,Radetzky March,,,,
4803,100048,231,0.5,462,Radetzky March,,,,
4901,100049,115,0.25,460,Carmen Overture,Bizet,,,
4902,100049,118,0.25,472,Carmen Overture,,,,
4903,100049,121,0.25,484,Carmen Overture,,,,
5001,100050,100,0.25,400,Invention No.13,Bach,,,
5002,100050,103,0.25,412,Invention No.13,,,,
5003,100050,105,0.25,420,Invention No.13,,,,
5101,100051,100,0.25,400,Sonatina Op.36-3,Clementi,,,
5102,100051,103,0.25,412,Sonatina Op.36-3,,,,
5103,100051,105,0.25,420,Sonatina Op.36-3,,,,
5201,100052,115,0.25,460,William Tell Overture,Gioachino Rossini,,,
5202,100052,118,0.25,472,William Tell Overture,,,,
5203,100052,121,0.25,484,William Tell Overture,,,,
88501,100053,70,0.25,280,Fur Elise,Beethoven,,,
88502,100053,78,0.25,312,Fur Elise,,,,
88503,100053,85,0.25,340,Fur Elise,,,,
88601,100054,90,0.25,360,Canon ( Rock ),JerryC,,,
88602,100054,92,0.25,368,Canon ( Rock ),,,,
88603,100054,95,0.25,380,Canon ( Rock ),,,,
88701,100055,91,0.25,364,Turkish March,Mozart,,,
88702,100055,93,0.25,372,Turkish March,,,,
88703,100055,96,0.25,384,Turkish March,,,,
88801,100056,110,0.25,440,Flight of the Bumblebee,Rimsky-Korsakov,,,
88802,100056,113,0.25,452,Flight of the Bumblebee,,,,
88803,100056,116,0.25,464,Flight of the Bumblebee,,,,
5301,100057,120,0.5,240,Bridal Chorus,Wagner,,,
5302,100057,125,0.5,250,Bridal Chorus,,,,
5303,100057,130,0.5,260,Bridal Chorus,,,,
5401,100058,45,0.125,360,Humoresque No.7,Antonin Dvorak,,,
5402,100058,46,0.125,368,Humoresque No.7,,,,
5403,100058,47,0.125,376,Humoresque No.7,,,,
5501,100059,110,0.25,440,Moonlight Sonata Mvt.3,Beethoven,,,
5502,100059,113,0.25,452,Moonlight Sonata Mvt.3,,,,
5503,100059,116,0.25,464,Moonlight Sonata Mvt.3,,,,
5601,100060,150,0.5,300,Minuet in G,Bach,,,
5602,100060,165,0.5,330,Minuet in G,,,,
5603,100060,177,0.5,354,Minuet in G,,,,
5701,100061,90,0.25,360,Xinjiang Suite,Congfei Wei,,,
5702,100061,92,0.25,368,Xinjiang Suite,,,,
5703,100061,95,0.25,380,Xinjiang Suite,,,,
5801,100062,110,0.25,440,Fantaisie - Impromptu,Chopin,,,
5802,100062,113,0.25,452,Fantaisie - Impromptu,,,,
5803,100062,116,0.25,464,Fantaisie - Impromptu,,,,
5901,100063,75,0.25,300,Harmonious Blacksmith,Handel,,,
5902,100063,78,0.25,312,Harmonious Blacksmith,,,,
5903,100063,80,0.25,320,Harmonious Blacksmith,,,,
6001,100064,360,1,360,Liebestraum No.3,Franz Liszt,,,
6002,100064,369,1,369,Liebestraum No.3,,,,
6003,100064,378,1,378,Liebestraum No.3,,,,
6101,100065,100,0.25,400,Appassionata Mvt.3,Beethoven,,,
6102,100065,103,0.25,412,Appassionata Mvt.3,,,,
6103,100065,105,0.25,420,Appassionata Mvt.3,,,,
6201,100066,130,0.5,260,Four Seasons - Spring,Antonio Vivaldi,,,
6202,100066,142,0.5,284,Four Seasons - Spring,,,,
6203,100066,78,0.25,312,Four Seasons - Spring,,,,
6301,100067,180,0.5,360,La Campanella,Franz Liszt,,,
6302,100067,185,0.5,370,La Campanella,,,,
6303,100067,189,0.5,378,La Campanella,,,,
6401,100068,105,0.25,420,Solfeggietto,C.P.E.Bach,,,
6402,100068,107,0.25,428,Solfeggietto,,,,
6403,100068,110,0.25,440,Solfeggietto,,,,
6501,100069,100,0.5,200,A La Claire Fontaine,French Folk Music,,,
6502,100069,105,0.5,210,A La Claire Fontaine,,,,
6503,100069,110,0.5,220,A La Claire Fontaine,,,,
6601,100070,130,0.5,260,Simple Gifts,Joseph Brackett,,,
6602,100070,142,0.5,284,Simple Gifts,,,,
6603,100070,151,0.5,302,Simple Gifts,,,,
6701,100071,100,0.25,400,Hungarian Rhapsody No.6,Franz Liszt,,,
6702,100071,103,0.25,412,Hungarian Rhapsody No.6,,,,
6703,100071,105,0.25,420,Hungarian Rhapsody No.6,,,,
82801,100072,250,1,250,Yankee Doodle,American Folk Music,,,
82802,100072,130,0.5,260,Yankee Doodle,,,,
82803,100072,135,0.5,270,Yankee Doodle,,,,
82901,100073,180,1,180,Ode An Die Freude,Beethoven,,,
82902,100073,95,0.5,190,Ode An Die Freude,,,,
82903,100073,200,1,200,Ode An Die Freude,,,,
83001,100074,250,1,250,Auf Flugeln Des Gesanges,Mendelssohn,,,
83002,100074,275,1,275,Auf Flugeln Des Gesanges,,,,
83003,100074,295,1,295,Auf Flugeln Des Gesanges,,,,
84101,100075,180,0.5,360,The Seasons Op.37,Tchaikovsky,,,
84102,100075,185,0.5,370,The Seasons Op.37,,,,
84103,100075,189,0.5,378,The Seasons Op.37,,,,
84701,100076,160,0.5,320,New World Symphony Mvt.4,Antonin Dvorak,,,
84702,100076,173,0.5,346,New World Symphony Mvt.4,,,,
84703,100076,182,0.5,364,New World Symphony Mvt.4,,,,
84201,100077,105,0.5,210,Paganini Rhapsody Var.18,Rachmaninoff,,,
84202,100077,110,0.5,220,Paganini Rhapsody Var.18,,,,
84203,100077,115,0.5,230,Paganini Rhapsody Var.18,,,,
84801,100078,100,0.25,400,Nocturne Op.9 No.1,Chopin,,,
84802,100078,103,0.25,412,Nocturne Op.9 No.1,,,,
84803,100078,105,0.25,420,Nocturne Op.9 No.1,,,,
84901,100079,113,0.25,452,Sonata Pathetique Mvt.3,Beethoven,,,
84902,100079,114,0.25,456,Sonata Pathetique Mvt.3,,,,
84903,100079,115,0.25,460,Sonata Pathetique Mvt.3,,,,
6801,100080,150,0.5,300,Sonata Pathetique Mvt.1,Beethoven,,,
6802,100080,165,0.5,330,Sonata Pathetique Mvt.1,,,,
6803,100080,177,0.5,354,Sonata Pathetique Mvt.1,,,,
6901,100081,180,0.5,360,Waltz in E minor,Chopin,,,
6902,100081,185,0.5,370,Waltz in E minor,,,,
6903,100081,189,0.5,378,Waltz in E minor,,,,
7001,100082,100,0.25,400,Clarinet Polka,Prohaska,,,
7002,100082,103,0.25,412,Clarinet Polka,,,,
7003,100082,105,0.25,420,Clarinet Polka,,,,
83301,100083,150,0.5,300,Wedding March,Mendelssohn,,,
83302,100083,160,0.5,320,Wedding March,,,,
83303,100083,170,0.5,340,Wedding March,,,,
82701,100084,100,0.5,200,Oh! Susanna,American Folk Music,,,
82702,100084,103,0.5,206,Oh! Susanna,,,,
82703,100084,105,0.5,210,Oh! Susanna,,,,
7201,100085,100,0.25,400,Sonatina Op.88 No.3,Kuhlau,,,
7202,100085,103,0.25,412,Sonatina Op.88 No.3,,,,
7203,100085,105,0.25,420,Sonatina Op.88 No.3,,,,
83101,100086,250,1,250,Three Bears,Korean Folk Music,,,
83102,100086,145,0.5,290,Three Bears,,,,
83103,100086,150,0.5,300,Three Bears,,,,
83201,100087,140,0.5,280,Red River Valley,Canadian Folk Music,,,
83202,100087,145,0.5,290,Red River Valley,,,,
83203,100087,75,0.25,300,Red River Valley,,,,
83501,100088,140,0.5,280,The Planets - Jupiter,Gustav Holst,,,
83502,100088,150,0.5,300,The Planets - Jupiter,,,,
83503,100088,160,0.5,320,The Planets - Jupiter,,,,
7101,100089,150,0.5,300,Lyric Waltz,Shostakovich,,,
7102,100089,165,0.5,330,Lyric Waltz,,,,
7103,100089,177,0.5,354,Lyric Waltz,,,,
7301,100090,100,0.25,400,Rondo A Capriccio Op.129,Beethoven,,,
7302,100090,103,0.25,412,Rondo A Capriccio Op.129,,,,
7303,100090,105,0.25,420,Rondo A Capriccio Op.129,,,,
83901,100091,80,0.25,320,Hungarian Rhapsody No.2,Franz Liszt,,,
83902,100091,173,0.5,346,Hungarian Rhapsody No.2,,,,
83903,100091,91,0.25,364,Hungarian Rhapsody No.2,,,,
84601,100092,90,0.25,360,Etude Op.10 No.12,Chopin,,,
84602,100092,92,0.25,368,Etude Op.10 No.12,,,,
84603,100092,95,0.25,380,Etude Op.10 No.12,,,,
84001,100093,100,0.25,400,Sonata in G Major K283,Mozart,,,
84002,100093,103,0.25,412,Sonata in G Major K283,,,,
84003,100093,105,0.25,420,Sonata in G Major K283,,,,
84301,100094,190,0.5,380,Peer Gynt Suite Op.46-4,Grieg,,,
84302,100094,195,0.5,390,Peer Gynt Suite Op.46-4,,,,
84303,100094,200,0.5,400,Peer Gynt Suite Op.46-4,,,,
84501,100095,90,0.25,360,Papillon,Grieg,,,
84502,100095,92,0.25,368,Papillon,,,,
84503,100095,95,0.25,380,Papillon,,,,
82501,100096,80,0.5,160,Serenade,Schubert,,,
82502,100096,85,0.5,170,Serenade,,,,
82503,100096,90,0.5,180,Serenade,,,,
83801,100097,120,0.5,240,Modlitwa Dziewicy,Tekla Badarzewska,,,
83802,100097,73,0.25,292,Modlitwa Dziewicy,,,,
83803,100097,80,0.25,320,Modlitwa Dziewicy,,,,
82601,100098,100,0.5,200,Red Berries in Blossom,Dunayevsky,,,
82602,100098,105,0.5,210,Red Berries in Blossom,,,,
82603,100098,110,0.5,220,Red Berries in Blossom,,,,
83601,100099,128,0.5,256,Flower and Youth,Chinese Folk Music,,,
83602,100099,138,0.5,276,Flower and Youth,,,,
83603,100099,145,0.5,290,Flower and Youth,,,,
84401,100100,180,0.5,360,Le Nozze di Figaro,Mozart,,,
84402,100100,185,0.5,370,Le Nozze di Figaro,,,,
84403,100100,189,0.5,378,Le Nozze di Figaro,,,,
83401,100101,120,0.5,240,Marche Militaire,Schubert,,,
83402,100101,130,0.5,260,Marche Militaire,,,,
83403,100101,140,0.5,280,Marche Militaire,,,,
83701,100102,140,0.5,280,Green Sleeves,English Folk Music,,,
83702,100102,150,0.5,300,Green Sleeves,,,,
83703,100102,160,0.5,320,Green Sleeves,,,,
7401,100103,280,1,280,The Skater's Waltz,Emil Waldteufel,,,
7402,100103,150,0.5,300,The Skater's Waltz,,,,
7403,100103,160,0.5,320,The Skater's Waltz,,,,
7501,100104,90,0.25,360,Breeze,Chinese Folk Music,,,
7502,100104,92,0.25,368,Breeze,,,,
7503,100104,95,0.25,380,Breeze,,,,
7601,100105,110,0.25,440,Etude de Virtuosite in E,Moszkowski,,,
7602,100105,113,0.25,452,Etude de Virtuosite in E,,,,
7603,100105,116,0.25,464,Etude de Virtuosite in E,,,,
85001,100107,140,0.5,280,Minuet in G Major,Beethoven,,,
85002,100107,157,0.5,314,Minuet in G Major,,,,
85003,100107,170,0.5,340,Minuet in G Major,,,,
85101,100108,150,0.5,300,The Yellow River in Anger,Xian Xinghai,,,
85102,100108,83,0.25,332,The Yellow River in Anger,,,,
85103,100108,177,0.5,354,The Yellow River in Anger,,,,
85201,100109,90,0.25,360,Polka Italienne,Rachmaninoff,,,
85202,100109,92,0.25,368,Polka Italienne,,,,
85203,100109,95,0.25,380,Polka Italienne,,,,
85301,100110,180,0.5,360,Invitation to the Dance,Weber,,,
85302,100110,185,0.5,370,Invitation to the Dance,,,,
85303,100110,189,0.5,378,Invitation to the Dance,,,,
85401,100111,190,0.5,380,Etude Op.10 No.9,Chopin,,,
85402,100111,194,0.5,388,Etude Op.10 No.9,,,,
85403,100111,198,0.5,396,Etude Op.10 No.9,,,,
7701,100112,260,1,260,Sweet Bye and Bye,Walter,,,
7702,100112,150,0.5,300,Sweet Bye and Bye,,,,
7703,100112,165,0.5,330,Sweet Bye and Bye,,,,
7801,100113,90,0.25,360,Allemande,Handel,,,
7802,100113,92,0.25,368,Allemande,,,,
7803,100113,95,0.25,380,Allemande,,,,
7901,100114,100,0.25,400,Goldberg Variations,Bach,,,
7902,100114,103,0.25,412,Goldberg Variations,,,,
7903,100114,105,0.25,420,Goldberg Variations,,,,
85501,100115,120,0.5,240,Elegie Op.3 No.1,Rachmaninoff,,,
85502,100115,139,0.5,278,Elegie Op.3 No.1,,,,
85503,100115,156,0.5,312,Elegie Op.3 No.1,,,,
86001,100116,100,0.25,400,Sonata in C Major K279,Mozart,,,
86002,100116,103,0.25,412,Sonata in C Major K279,,,,
86003,100116,105,0.25,420,Sonata in C Major K279,,,,
85601,100117,150,0.5,300,Piano Concerto No.1,Tchaikovsky,,,
85602,100117,165,0.5,330,Piano Concerto No.1,,,,
85603,100117,177,0.5,354,Piano Concerto No.1,,,,
85901,100118,95,0.25,380,Etude Op.10 No.2,Chopin,,,
85902,100118,97,0.25,388,Etude Op.10 No.2,,,,
85903,100118,99,0.25,396,Etude Op.10 No.2,,,,
85801,100119,80,0.25,320,Sonata in D Major,Scarlatti,,,
85802,100119,86,0.25,344,Sonata in D Major,,,,
85803,100119,91,0.25,364,Sonata in D Major,,,,
85701,100120,150,0.5,300,Siciliano,Faure,,,
85702,100120,165,0.5,330,Siciliano,,,,
85703,100120,177,0.5,354,Siciliano,,,,
8101,100121,170,0.5,340,Sonata in F Major Mvt.3,Mozart,,,
8102,100121,177,0.5,354,Sonata in F Major Mvt.3,,,,
8103,100121,184,0.5,368,Sonata in F Major Mvt.3,,,,
8201,100122,90,0.25,360,Etude Op.10 No.8,Chopin,,,
8202,100122,93,0.25,372,Etude Op.10 No.8,,,,
8203,100122,95,0.25,380,Etude Op.10 No.8,,,,
86101,100123,150,0.5,300,Sonatina Op.36-1,Clementi,,,
86102,100123,165,0.5,330,Sonatina Op.36-1,,,,
86103,100123,177,0.5,354,Sonatina Op.36-1,,,,
86201,100124,150,0.5,300,Symphony No.6 in F Major,Beethoven,,,
86202,100124,165,0.5,330,Symphony No.6 in F Major,,,,
86203,100124,177,0.5,354,Symphony No.6 in F Major,,,,
86301,100125,80,0.25,320,Sonata in C Major Mvt.2,Mozart,,,
86302,100125,86,0.25,344,Sonata in C Major Mvt.2,,,,
86303,100125,91,0.25,364,Sonata in C Major Mvt.2,,,,
86401,100126,320,1,320,Sonatina in G Major,Beethoven,,,
86402,100126,345,1,345,Sonatina in G Major,,,,
86403,100126,363,1,363,Sonatina in G Major,,,,
86501,100127,90,0.25,360,Wilde Jagd,Franz Liszt,,,
86502,100127,92,0.25,368,Wilde Jagd,,,,
86503,100127,95,0.25,380,Wilde Jagd,,,,
86601,100128,180,0.5,360,Sonatina,Fibich,,,
86602,100128,185,0.5,370,Sonatina,,,,
86603,100128,189,0.5,378,Sonatina,,,,
8001,100129,150,0.5,300,Tzigane Dance,Carl Bohm,,,
8002,100129,165,0.5,330,Tzigane Dance,,,,
8003,100129,177,0.5,354,Tzigane Dance,,,,
8301,100130,160,0.5,320,Sonata in E minor Mvt.1,Haydn,,,
8302,100130,173,0.5,346,Sonata in E minor Mvt.1,,,,
8303,100130,182,0.5,364,Sonata in E minor Mvt.1,,,,
8401,100131,90,0.25,360,Knecht Ruprecht,Robert Schumann,,,
8402,100131,93,0.25,372,Knecht Ruprecht,,,,
8403,100131,95,0.25,380,Knecht Ruprecht,,,,
8501,100132,100,0.25,400,Sonatina Op.55 No.1,Kuhlau,,,
8502,100132,103,0.25,412,Sonatina Op.55 No.1,,,,
8503,100132,105,0.25,420,Sonatina Op.55 No.1,,,,
87301,100133,150,0.5,300,Don Juan Paraphrase Part.2,Franz Liszt,,,
87302,100133,155,0.5,310,Don Juan Paraphrase Part.2,,,,
87303,100133,160,0.5,320,Don Juan Paraphrase Part.2,,,,
87601,100134,180,0.5,360,Smatroll,Grieg,,,
87602,100134,185,0.5,370,Smatroll,,,,
87603,100134,189,0.5,378,Smatroll,,,,
87801,100135,200,0.5,400,Danse Macabre,Saint-Seans,,,
87802,100135,208,0.5,416,Danse Macabre,,,,
87803,100135,216,0.5,432,Danse Macabre,,,,
87501,100136,80,0.25,320,The Nutcracker Overture,Tchaikovsky,,,
87502,100136,86,0.25,344,The Nutcracker Overture,,,,
87503,100136,91,0.25,364,The Nutcracker Overture,,,,
87401,100137,130,0.5,260,Piano Sonata No.2,Chopin,,,
87402,100137,140,0.5,280,Piano Sonata No.2,,,,
87403,100137,140,0.5,280,Piano Sonata No.2,,,,
87701,100138,50,0.125,400,Feux Follets,Franz Liszt,,,
87702,100138,52,0.125,416,Feux Follets,,,,
87703,100138,54,0.125,432,Feux Follets,,,,
86701,100139,100,0.5,200,Auld Lang Syne,Robert Burns,,,
86702,100139,105,0.5,210,Auld Lang Syne,,,,
86703,100139,65,0.25,260,Auld Lang Syne,,,,
86801,100140,200,1,200,The Blue Danube,Johann Strauss II,,,
86802,100140,250,1,250,The Blue Danube,,,,
86803,100140,275,1,275,The Blue Danube,,,,
86901,100141,140,0.5,280,Espana Cani,Pascual Marquina,,,
86902,100141,150,0.5,300,Espana Cani,,,,
86903,100141,160,0.5,320,Espana Cani,,,,
87001,100142,140,0.5,280,Sonata No.25 Mvt.3,Beethoven,,,
87002,100142,80,0.25,320,Sonata No.25 Mvt.3,,,,
87003,100142,86,0.25,344,Sonata No.25 Mvt.3,,,,
87101,100143,80,0.25,320,Bright Line,Tianhua Liu,,,
87102,100143,170,0.5,340,Bright Line,,,,
87103,100143,90,0.25,360,Bright Line,,,,
87201,100144,170,0.5,340,Sonatina Op.168 No.2,Diabelli,,,
87202,100144,180,0.5,360,Sonatina Op.168 No.2,,,,
87203,100144,185,0.5,370,Sonatina Op.168 No.2,,,,
8601,100145,150,0.5,300,Etude Op.34 No.10,Shostakovich,,,
8602,100145,160,0.5,320,Etude Op.34 No.10,,,,
8603,100145,90,0.25,360,Etude Op.34 No.10,,,,
8701,100146,80,0.25,320,Fugue No.16 in G minor,Bach,,,
8702,100146,86,0.25,344,Fugue No.16 in G minor,,,,
8703,100146,91,0.25,364,Fugue No.16 in G minor,,,,
8801,100147,90,0.25,360,Sonata in D Major K284,Mozart,,,
8802,100147,92,0.25,368,Sonata in D Major K284,,,,
8803,100147,95,0.25,380,Sonata in D Major K284,,,,
8901,100148,240,1,240,Inventions No.15,Bach,,,
8902,100148,250,1,250,Inventions No.15,,,,
8903,100148,260,1,260,Inventions No.15,,,,
9001,100149,80,0.25,320,Etude Op.6 No.8,Franz Liszt,,,
9002,100149,86,0.25,344,Etude Op.6 No.8,,,,
9003,100149,91,0.25,364,Etude Op.6 No.8,,,,
9101,100150,48,0.125,384,Etude Op.849 No.16,Czerny,,,
9102,100150,49,0.125,392,Etude Op.849 No.16,,,,
9103,100150,51,0.125,408,Etude Op.849 No.16,,,,
87901,100151,200,1,200,Venetian Boat Song,Mendelssohn,,,
87902,100151,250,1,250,Venetian Boat Song,,,,
87903,100151,275,1,275,Venetian Boat Song,,,,
88001,100152,45,0.25,180,Etude Op.10 No.3,Chopin,,,
88002,100152,53,0.25,212,Etude Op.10 No.3,,,,
88003,100152,63,0.25,252,Etude Op.10 No.3,,,,
88101,100153,140,0.5,280,La Traviata Excerpts,Giuseppe Verdi,,,
88102,100153,150,0.5,300,La Traviata Excerpts,,,,
88103,100153,160,0.5,320,La Traviata Excerpts,,,,
88201,100154,150,0.5,300,Oh My Beloved Father,Giacomo Puccini,,,
88202,100154,165,0.5,330,Oh My Beloved Father,,,,
88203,100154,177,0.5,354,Oh My Beloved Father,,,,
88301,100155,90,0.25,360,Sonatina Op.2 No.1,Beethoven,,,
88302,100155,92,0.25,368,Sonatina Op.2 No.1,,,,
88303,100155,95,0.25,380,Sonatina Op.2 No.1,,,,
88401,100156,115,0.25,460,Defend the Yellow River,Xinghai Xian,,,
88402,100156,220,0.5,440,Defend the Yellow River,,,,
88403,100156,232,0.5,464,Defend the Yellow River,,,,
9201,100157,145,0.5,290,Waltz No.16,Chopin,,,
9202,100157,154,0.5,308,Waltz No.16,,,,
9203,100157,160,0.5,320,Waltz No.16,,,,
9301,100158,160,0.5,320,WTC1 No.3,Bach,,,
9302,100158,166,0.5,332,WTC1 No.3,,,,
9303,100158,173,0.5,346,WTC1 No.3,,,,
9401,100159,90,0.25,360,Der Vogelfaenger bin ich ja,Mozart,,,
9402,100159,92,0.25,368,Der Vogelfaenger bin ich ja,,,,
9403,100159,95,0.25,380,Der Vogelfaenger bin ich ja,,,,
82001,100160,90,0.25,360,L'Arlesienne,Bizet,,,
82002,100160,92,0.25,368,L'Arlesienne,,,,
82003,100160,95,0.25,380,L'Arlesienne,,,,
81901,100161,107,0.5,214,Troika,Russian Folk Music,,,
81902,100161,116,0.5,232,Troika,,,,
81903,100161,124,0.5,248,Troika,,,,
82101,100162,70,0.25,280,Habanera,Bizet,,,
82102,100162,78,0.25,312,Habanera,,,,
82103,100162,85,0.25,340,Habanera,,,,
82201,100163,180,1,180,Londonderry Air,Ireland Folk Music,,,
82202,100163,200,1,200,Londonderry Air,,,,
82203,100163,210,1,210,Londonderry Air,,,,
82301,100164,150,0.5,300,Vltava,Bedrich Smetana,,,
82302,100164,165,0.5,330,Vltava,,,,
82303,100164,177,0.5,354,Vltava,,,,
82401,100165,160,0.5,320,Valse Brillante Op.34 No.3,Chopin,,,
82402,100165,166,0.5,332,Valse Brillante Op.34 No.3,,,,
82403,100165,173,0.5,346,Valse Brillante Op.34 No.3,,,,
9501,100166,75,0.25,300,Carnaval Op.9 No.14,Robert Schumann,,,
9502,100166,78,0.25,312,Carnaval Op.9 No.14,,,,
9503,100166,80,0.25,320,Carnaval Op.9 No.14,,,,
9601,100167,170,0.5,340,Arabesque Op.76 No.9,Jean Sibelius,,,
9602,100167,177,0.5,354,Arabesque Op.76 No.9,,,,
9603,100167,184,0.5,368,Arabesque Op.76 No.9,,,,
9701,100168,140,0.5,280,Bagpipe Dance,Mozart,,,
9702,100168,150,0.5,300,Bagpipe Dance,,,,
9703,100168,160,0.5,320,Bagpipe Dance,,,,
81301,100169,120,0.5,240,Spinning Song,Albert Ellmenreich,,,
81302,100169,139,0.5,278,Spinning Song,,,,
81303,100169,156,0.5,312,Spinning Song,,,,
81401,100170,90,0.25,360,Dance of Reed,Tchaikovsky,,,
81402,100170,92,0.25,368,Dance of Reed,,,,
81403,100170,95,0.25,380,Dance of Reed,,,,
81501,100171,240,1,240,Seguidilla,Bizet,,,
81502,100171,255,1,255,Seguidilla,,,,
81503,100171,270,1,270,Seguidilla,,,,
81601,100172,330,1,330,Tarantella,Friedrich Burgnlueller,,,
81602,100172,353,1,353,Tarantella,,,,
81603,100172,360,1,360,Tarantella,,,,
81701,100173,90,0.25,360,Norwegian Dance Op.35 No.2,Grieg,,,
81702,100173,92,0.25,368,Norwegian Dance Op.35 No.2,,,,
81703,100173,95,0.25,380,Norwegian Dance Op.35 No.2,,,,
81801,100174,120,0.5,240,Slovenian Dance,Antonin Dvorak,,,
81802,100174,125,0.5,250,Slovenian Dance,,,,
81803,100174,130,0.5,260,Slovenian Dance,,,,
80701,100175,110,0.5,220,Torna a Surriento,Ernesto De Curtis,,,
80702,100175,115,0.5,230,Torna a Surriento,,,,
80703,100175,120,0.5,240,Torna a Surriento,,,,
80801,100176,115,0.5,230,Dreaming of Home and Mother,John Pond Ordway,,,
80802,100176,120,0.5,240,Dreaming of Home and Mother,,,,
80803,100176,125,0.5,250,Dreaming of Home and Mother,,,,
80901,100177,135,0.5,270,Salut d' Amour,Edward Elgar,,,
80902,100177,146,0.5,292,Salut d' Amour,,,,
80903,100177,151,0.5,302,Salut d' Amour,,,,
9801,100178,120,0.5,240,The Happy Farmer,Robert Schumann,,,
9802,100178,127,0.5,254,The Happy Farmer,,,,
9803,100178,133,0.5,266,The Happy Farmer,,,,
9901,100179,78,0.25,312,Variations of Paganini,Berkovich,,,
9902,100179,81,0.25,324,Variations of Paganini,,,,
9903,100179,84,0.25,336,Variations of Paganini,,,,
10001,100180,90,0.25,360,Penguin's Game,Unknown,,,
10002,100180,92,0.25,368,Penguin's Game,,,,
10003,100180,95,0.25,380,Penguin's Game,,,,
81101,100181,230,1,230,Di Spagna sono la bella,Vincenzo di Chiara,,,
81102,100181,246,1,246,Di Spagna sono la bella,,,,
81103,100181,259,1,259,Di Spagna sono la bella,,,,
81201,100182,60,0.25,240,Evening song of the Fisherman,Chinese Folk Music,,,
81202,100182,63,0.25,252,Evening song of the Fisherman,,,,
81203,100182,65,0.25,260,Evening song of the Fisherman,,,,
81001,100183,150,0.5,300,Etude Op.100 No.2,Friedrich Burgnlueller,,,
81002,100183,158,0.5,316,Etude Op.100 No.2,,,,
81003,100183,164,0.5,328,Etude Op.100 No.2,,,,
10101,100184,300,1,300,The Wild Horseman,Robert Schumann,,,
10102,100184,315,1,315,The Wild Horseman,,,,
10103,100184,327,1,327,The Wild Horseman,,,,
10201,100185,300,1,300,Etude No.23,Cramer,,,
10202,100185,315,1,315,Etude No.23,,,,
10203,100185,327,1,327,Etude No.23,,,,
10301,100186,250,1,250,French Suite No.4-Gigue,Jacques Offenbach,,,
10302,100186,275,1,275,French Suite No.4-Gigue,,,,
10303,100186,295,1,295,French Suite No.4-Gigue,,,,
76901,100187,100,0.5,200,Jingle Bells Christmas Edition,Adapted by Congfei Wei,,,
76902,100187,105,0.5,210,Jingle Bells Christmas Edition,,,,
76903,100187,110,0.5,220,Jingle Bells Christmas Edition,,,,
77001,100188,115,0.5,230,We Wish You a Merry Christmas,British carol,,,
77002,100188,120,0.5,240,We Wish You a Merry Christmas,,,,
77003,100188,125,0.5,250,We Wish You a Merry Christmas,,,,
77101,100189,125,0.5,250,Silent Night,Franz Gruber,,,
77102,100189,130,0.5,260,Silent Night,,,,
77103,100189,135,0.5,270,Silent Night,,,,
77201,100190,250,1,250,Amazing Grace,William Cowper,,,
77202,100190,260,1,260,Amazing Grace,,,,
77203,100190,270,1,270,Amazing Grace,,,,
77301,100191,130,0.5,260,Joy to the World,Handel,,,
77302,100191,135,0.5,270,Joy to the World,,,,
77303,100191,145,0.5,290,Joy to the World,,,,
77401,100192,130,0.5,260,Dolly's Dreaming and Awakening,Oesten,,,
77402,100192,142,0.5,284,Dolly's Dreaming and Awakening,,,,
77403,100192,151,0.5,302,Dolly's Dreaming and Awakening,,,,
77501,100193,150,0.5,300,The Faithful Shepherd,Unknown,,,
77502,100193,158,0.5,316,The Faithful Shepherd,,,,
77503,100193,164,0.5,328,The Faithful Shepherd,,,,
77601,100194,150,0.5,300,Symphony No.8 in G Major Mvt.3,Antonin Dvorak,,,
77602,100194,158,0.5,316,Symphony No.8 in G Major Mvt.3,,,,
77603,100194,164,0.5,328,Symphony No.8 in G Major Mvt.3,,,,
80101,100195,120,0.5,240,Song of selling newspapers,Er Nie,,,
80102,100195,125,0.5,250,Song of selling newspapers,,,,
80103,100195,130,0.5,260,Song of selling newspapers,,,,
80201,100196,140,0.5,280,Sakura Sakura,Shimizu,,,
80202,100196,150,0.5,300,Sakura Sakura,,,,
80203,100196,157,0.5,314,Sakura Sakura,,,,
80301,100197,260,1,260,Lascia chio pianga,Handel,,,
80302,100197,270,1,270,Lascia chio pianga,,,,
80303,100197,280,1,280,Lascia chio pianga,,,,
80401,100198,130,0.5,260,Passacaglia,Handel,,,
80402,100198,135,0.5,270,Passacaglia,,,,
80403,100198,70,0.25,280,Passacaglia,,,,
80501,100199,75,0.25,300,Sonata in A Major Mvt.2,Handel,,,
80502,100199,79,0.25,316,Sonata in A Major Mvt.2,,,,
80503,100199,82,0.25,328,Sonata in A Major Mvt.2,,,,
80601,100200,90,0.25,360,Russian Dance,Tchaikovsky,,,
80602,100200,92,0.25,368,Russian Dance,,,,
80603,100200,95,0.25,380,Russian Dance,,,,
10401,100201,110,0.5,220,The Nightingale,Mikhail Glinka,,,
10402,100201,58,0.25,232,The Nightingale,,,,
10403,100201,125,0.5,250,The Nightingale,,,,
10501,100202,150,0.5,300,Gertrude's dream waltz,Beethoven,,,
10502,100202,158,0.5,316,Gertrude's dream waltz,,,,
10503,100202,164,0.5,328,Gertrude's dream waltz,,,,
10601,100203,150,0.5,300,Loure,Bach,,,
10602,100203,158,0.5,316,Loure,,,,
10603,100203,164,0.5,328,Loure,,,,
79501,100204,95,0.5,190,Arirang,Korean Folk Music,,,
79502,100204,105,0.5,210,Arirang,,,,
79503,100204,114,0.5,228,Arirang,,,,
79601,100205,120,0.5,240,Au clair de la lune,French Folk Music,,,
79602,100205,125,0.5,250,Au clair de la lune,,,,
79603,100205,130,0.5,260,Au clair de la lune,,,,
79701,100206,130,0.5,260,Graduation Song,Er Nie,,,
79702,100206,142,0.5,284,Graduation Song,,,,
79703,100206,151,0.5,302,Graduation Song,,,,
79801,100207,300,1,300,Etincelles Etude Op.36 No.6,Moszkowski,,,
79802,100207,158,0.5,316,Etincelles Etude Op.36 No.6,,,,
79803,100207,164,0.5,328,Etincelles Etude Op.36 No.6,,,,
79901,100208,130,0.5,260,The Tuileries Gardens,M.P. Mussorgsky,,,
79902,100208,142,0.5,284,The Tuileries Gardens,,,,
79903,100208,151,0.5,302,The Tuileries Gardens,,,,
80001,100209,320,1,320,Nel cor piu non mi sento,Beethoven,,,
80002,100209,168,0.5,336,Nel cor piu non mi sento,,,,
80003,100209,175,0.5,350,Nel cor piu non mi sento,,,,
10701,100210,100,0.5,200,Craving for the Spring Wind,Yuxian Deng,,,
10702,100210,106,0.5,212,Craving for the Spring Wind,,,,
10703,100210,112,0.5,224,Craving for the Spring Wind,,,,
10801,100211,85,0.25,340,Neopolitan Dance,Tchaikovsky,,,
10802,100211,93,0.25,372,Neopolitan Dance,,,,
10803,100211,101,0.25,404,Neopolitan Dance,,,,
10901,100212,70,0.25,280,Sonata in C Major K330 Mvt.1,Mozart,,,
10902,100212,41,0.125,328,Sonata in C Major K330 Mvt.1,,,,
10903,100212,45,0.125,360,Sonata in C Major K330 Mvt.1,,,,
78901,100213,120,0.5,240,O sole mio,Eduardo di Capua,,,
78902,100213,128,0.5,256,O sole mio,,,,
78903,100213,136,0.5,272,O sole mio,,,,
79001,100214,100,0.5,200,Romeo and Juliet,Sergei Prokofiev,,,
79002,100214,108,0.5,216,Romeo and Juliet,,,,
79003,100214,116,0.5,232,Romeo and Juliet,,,,
79101,100215,150,0.5,300,Minuet K.1,Mozart,,,
79102,100215,155,0.5,310,Minuet K.1,,,,
79103,100215,160,0.5,320,Minuet K.1,,,,
79201,100216,90,0.25,360,Etude Op.599 No.55,Czerny,,,
79202,100216,94,0.25,376,Etude Op.599 No.55,,,,
79203,100216,98,0.25,392,Etude Op.599 No.55,,,,
79301,100217,80,0.25,320,Maple Leaf Rag,Scott Joplin,,,
79302,100217,88,0.25,352,Maple Leaf Rag,,,,
79303,100217,96,0.25,384,Maple Leaf Rag,,,,
79401,100218,85,0.25,340,The Ragtime Dance,Scott Joplin,,,
79402,100218,89,0.25,356,The Ragtime Dance,,,,
79403,100218,93,0.25,372,The Ragtime Dance,,,,
11101,100219,70,0.25,280,Invention No.2,Bach,,,
11102,100219,74,0.25,296,Invention No.2,,,,
11103,100219,78,0.25,312,Invention No.2,,,,
11201,100220,130,0.5,260,Hands Across The Sea,Sousa,,,
11202,100220,138,0.5,276,Hands Across The Sea,,,,
11203,100220,146,0.5,292,Hands Across The Sea,,,,
11001,100221,90,0.25,360,Album Leaf,Kirchner,,,
11002,100221,98,0.25,392,Album Leaf,,,,
11003,100221,106,0.25,424,Album Leaf,,,,
11301,100222,90,0.25,360,Moment Musical Op.94 No.4,Schubert,,,
11302,100222,92,0.25,368,Moment Musical Op.94 No.4,,,,
11303,100222,94,0.25,376,Moment Musical Op.94 No.4,,,,
11401,100223,100,0.25,400,Romanian Folk Dances No.6,Bela Bartok,,,
11402,100223,102,0.25,408,Romanian Folk Dances No.6,,,,
11403,100223,104,0.25,416,Romanian Folk Dances No.6,,,,
11501,100224,98,0.25,392,Prelude Op.12 No.7,Sergei Prokofiev,,,
11502,100224,100,0.25,400,Prelude Op.12 No.7,,,,
11503,100224,102,0.25,408,Prelude Op.12 No.7,,,,
78301,100225,78,0.25,312,Etude No.2,Franz Liszt,,,
78302,100225,81,0.25,324,Etude No.2,,,,
78303,100225,84,0.25,336,Etude No.2,,,,
78401,100226,89,0.5,178,La Ronde de Lutins,Bazzini,,,
78402,100226,97,0.5,194,La Ronde de Lutins,,,,
78403,100226,105,0.5,210,La Ronde de Lutins,,,,
78501,100227,130,0.5,260,Horseman,Kabalevsky,,,
78502,100227,138,0.5,276,Horseman,,,,
78503,100227,146,0.5,292,Horseman,,,,
78601,100228,240,1,240,Vals del Recuerdo,Ravel,,,
78602,100228,255,1,255,Vals del Recuerdo,,,,
78603,100228,270,1,270,Vals del Recuerdo,,,,
78701,100229,230,1,230,Prelude No.11 in B Major,Chopin,,,
78702,100229,250,1,250,Prelude No.11 in B Major,,,,
78703,100229,270,1,270,Prelude No.11 in B Major,,,,
78801,100230,130,0.5,260,Tempest Sonata Mov.3,Beethoven,,,
78802,100230,138,0.5,276,Tempest Sonata Mov.3,,,,
78803,100230,146,0.5,292,Tempest Sonata Mov.3,,,,
11801,100231,60,0.125,480,3 Ecossaises Op.72 No.3,Chopin,,,
11802,100231,62,0.125,496,3 Ecossaises Op.72 No.3,,,,
11803,100231,64,0.125,512,3 Ecossaises Op.72 No.3,,,,
11601,100232,72,0.25,288,Searchlight Rag,Scotte Joplin,,,
11602,100232,76,0.25,304,Searchlight Rag,,,,
11603,100232,80,0.25,320,Searchlight Rag,,,,
11701,100233,80,0.25,320,Bach Piano Concerto No.1,Bach,,,
11702,100233,84,0.25,336,Bach Piano Concerto No.1,,,,
11703,100233,88,0.25,352,Bach Piano Concerto No.1,,,,
77701,100234,110,0.25,440,Nutcracker Op.71,Tchaikovsky,,,
77702,100234,114,0.25,456,Nutcracker Op.71,,,,
77703,100234,118,0.25,472,Nutcracker Op.71,,,,
77801,100235,90,0.25,360,Little Star 12Var K265,Mozart,,,
77802,100235,93,0.25,372,Little Star 12Var K265,,,,
77803,100235,96,0.25,384,Little Star 12Var K265,,,,
77901,100236,90,0.25,360,Peacherine Rag,Scotte Joplin,,,
77902,100236,93,0.25,372,Peacherine Rag,,,,
77903,100236,96,0.25,384,Peacherine Rag,,,,
78001,100237,300,1,300,Piano Sonata No.4 Op.7,Beethoven,,,
78002,100237,318,1,318,Piano Sonata No.4 Op.7,,,,
78003,100237,336,1,336,Piano Sonata No.4 Op.7,,,,
78101,100238,150,0.5,300,Magic Flute Op.9,Mozart,,,
78102,100238,153,0.5,306,Magic Flute Op.9,,,,
78103,100238,156,0.5,312,Magic Flute Op.9,,,,
78201,100239,90,0.5,180,Etude Op.299 No.6,Czerny,,,
78202,100239,94,0.5,188,Etude Op.299 No.6,,,,
78203,100239,98,0.5,196,Etude Op.299 No.6,,,,
11901,100240,200,1,200,Walzer,FR.Bell,,,
11902,100240,216,1,216,Walzer,,,,
11903,100240,232,1,232,Walzer,,,,
12001,100241,86,0.25,344,Lively Spring Festival,Unknown,,,
12002,100241,88,0.25,352,Lively Spring Festival,,,,
12003,100241,90,0.25,360,Lively Spring Festival,,,,
12101,100242,90,0.25,360,Etude Op.740 No.31,Czerny,,,
12102,100242,94,0.25,376,Etude Op.740 No.31,,,,
12103,100242,98,0.25,392,Etude Op.740 No.31,,,,
76301,100243,150,0.5,300,The First Noel,English Folk Music,,,
76302,100243,156,0.5,312,The First Noel,,,,
76303,100243,162,0.5,324,The First Noel,,,,
76401,100244,170,0.5,340,First Noel,English Folk Music,,,
76402,100244,174,0.5,348,First Noel,,,,
76403,100244,178,0.5,356,First Noel,,,,
76501,100245,140,0.5,280,Magic Flute Trio,Mozart,,,
76502,100245,144,0.5,288,Magic Flute Trio,,,,
76503,100245,148,0.5,296,Magic Flute Trio,,,,
76601,100246,120,0.5,240,Scottish Dances,Beethoven,,,
76602,100246,124,0.5,248,Scottish Dances,,,,
76603,100246,128,0.5,256,Scottish Dances,,,,
76701,100247,90,0.25,360,Peach Blossom,Chinese Folk Music,,,
76702,100247,94,0.25,376,Peach Blossom,,,,
76703,100247,98,0.25,392,Peach Blossom,,,,
76801,100248,140,0.5,280,Hark! The Herald Angels Sing,Mendelssohn,,,
76802,100248,148,0.5,296,Hark! The Herald Angels Sing,,,,
76803,100248,156,0.5,312,Hark! The Herald Angels Sing,,,,
75401,100249,148,0.5,296,Happy Chinese New Year,Gexin Chen,,,
75402,100249,156,0.5,312,Happy Chinese New Year,,,,
75403,100249,164,0.5,328,Happy Chinese New Year,,,,
76901,100250,85,0.25,340,Paganini Caprice No.9,Robert Schumann,,,
76902,100250,88,0.25,352,Paganini Caprice No.9,,,,
76903,100250,45,0.125,360,Paganini Caprice No.9,,,,
75501,100251,90,0.25,360,Chinese New Year Theme,Zhong Huang,,,
75502,100251,92,0.25,368,Chinese New Year Theme,,,,
75503,100251,94,0.25,376,Chinese New Year Theme,,,,
75601,100252,130,0.5,260,Golden Snake Dance,Er Nie,,,
75602,100252,134,0.5,268,Golden Snake Dance,,,,
75603,100252,138,0.5,276,Golden Snake Dance,,,,
12201,100253,150,0.5,300,Market,Gullit,,,
12202,100253,158,0.5,316,Market,,,,
12203,100253,166,0.5,332,Market,,,,
12301,100254,160,0.5,320,Melody,Robert Schumann,,,
12302,100254,168,0.5,336,Melody,,,,
12303,100254,176,0.5,352,Melody,,,,
12401,100255,160,0.5,320,Etude Op.37 No.29,H. Lemoine,,,
12402,100255,168,0.5,336,Etude Op.37 No.29,,,,
12403,100255,176,0.5,352,Etude Op.37 No.29,,,,
75701,100256,150,0.5,300,Swan Lake,Tchaikovsky,,,
75702,100256,154,0.5,308,Swan Lake,,,,
75703,100256,158,0.5,316,Swan Lake,,,,
75801,100257,95,0.25,380,Original Rags,Scott Joplin,,,
75802,100257,97,0.25,388,Original Rags,,,,
75803,100257,100,0.25,400,Original Rags,,,,
75901,100258,140,0.5,280,Voices Of Spring Waltz,Johann Strauss II,,,
75902,100258,148,0.5,296,Voices Of Spring Waltz,,,,
75903,100258,156,0.5,312,Voices Of Spring Waltz,,,,
76001,100259,150,0.5,300,Forest Polka,Karl Hans,,,
76002,100259,156,0.5,312,Forest Polka,,,,
76003,100259,162,0.5,324,Forest Polka,,,,
76101,100260,130,0.5,260,Angels we have heard on high,French Folk Music,,,
76102,100260,138,0.5,276,Angels we have heard on high,,,,
76103,100260,146,0.5,292,Angels we have heard on high,,,,
76201,100261,100,0.25,400,Brandenburg Concerto No.2,Bach,,,
76202,100261,102,0.25,408,Brandenburg Concerto No.2,,,,
76203,100261,104,0.25,416,Brandenburg Concerto No.2,,,,
12501,100262,160,0.5,320,Carol of the Bells,Ukrainian Carol,,,
12502,100262,168,0.5,336,Carol of the Bells,,,,
12503,100262,176,0.5,352,Carol of the Bells,,,,
12601,100263,150,0.5,300,The Hebrides Overture,Mendelssohn,,,
12602,100263,158,0.5,316,The Hebrides Overture,,,,
12603,100263,166,0.5,332,The Hebrides Overture,,,,
12701,100264,140,0.5,280,Heather Rose,G. Lange,,,
12702,100264,144,0.5,288,Heather Rose,,,,
12703,100264,148,0.5,296,Heather Rose,,,,
12801,100265,150,0.5,300,"Home, Sweet home",Scotland Folk Music,,,
12802,100265,158,0.5,316,"Home, Sweet home",,,,
12803,100265,166,0.5,332,"Home, Sweet home",,,,
12901,100266,170,0.5,340,Mazurka Op.39 No.11,Tchaikovsky,,,
12902,100266,178,0.5,356,Mazurka Op.39 No.11,,,,
12903,100266,186,0.5,372,Mazurka Op.39 No.11,,,,
13001,100267,100,0.25,400,Palm Leaf Rag,Scott Joplin,,,
13002,100267,102,0.25,408,Palm Leaf Rag,,,,
13003,100267,104,0.25,416,Palm Leaf Rag,,,,
74501,100268,105,0.5,210,Aurora,Congfei Wei,,,
74502,100268,108,0.5,216,Aurora,,,,
74503,100268,110,0.5,220,Aurora,,,,
74601,100269,100,0.5,200,I Do,Interlude of Online Drama,,,
74602,100269,108,0.5,216,I Do,,,,
74603,100269,115,0.5,230,I Do,,,,
74701,100270,100,0.5,200,Romance De Amor,Narciso Yepes,,,
74702,100270,105,0.5,210,Romance De Amor,,,,
74703,100270,110,0.5,220,Romance De Amor,,,,
74801,100271,200,1,200,Waltz of the Flowers,Tchaikovsky,,,
74802,100271,210,1,210,Waltz of the Flowers,,,,
74803,100271,220,1,220,Waltz of the Flowers,,,,
74901,100272,170,0.5,340,Deck the Halls,Ancient Welsh Music,,,
74902,100272,178,0.5,356,Deck the Halls,,,,
74903,100272,186,0.5,372,Deck the Halls,,,,
75001,100273,120,0.5,240,Nostalgia,E.German,,,
75002,100273,124,0.5,248,Nostalgia,,,,
75003,100273,128,0.5,256,Nostalgia,,,,
75101,100274,130,0.5,260,Aloha 'Oe,Liliuokalani,,,
75102,100274,134,0.5,268,Aloha 'Oe,,,,
75103,100274,138,0.5,276,Aloha 'Oe,,,,
75201,100275,160,0.5,320,Song of harvest,Danmark Folk Music,,,
75202,100275,168,0.5,336,Song of harvest,,,,
75203,100275,176,0.5,352,Song of harvest,,,,
75301,100276,180,0.5,360,Schmetterling,Gustav Merkel,,,
75302,100276,188,0.5,376,Schmetterling,,,,
75303,100276,196,0.5,392,Schmetterling,,,,
13101,100277,130,0.5,260,Old Folks at Home,American Folk Music,,,
13102,100277,138,0.5,276,Old Folks at Home,,,,
13103,100277,146,0.5,292,Old Folks at Home,,,,
13201,100278,150,0.5,300,Troika E Major,Tchaikovsky,,,
13202,100278,158,0.5,316,Troika E Major,,,,
13203,100278,166,0.5,332,Troika E Major,,,,
13301,100279,300,1,300,Hunting Song,Mendelssohn,,,
13302,100279,316,1,316,Hunting Song,,,,
13303,100279,332,1,332,Hunting Song,,,,
13401,100280,110,0.5,220,Fall,Clack Chen,,,
13402,100280,115,0.5,230,Fall,,,,
13403,100280,120,0.5,240,Fall,,,,
13501,100281,320,1,320,Romance,D. Auber,,,
13502,100281,330,1,330,Romance,,,,
13503,100281,340,1,340,Romance,,,,
13601,100282,210,0.5,420,Soldaten Marsch,Robert Schumann,,,
13602,100282,218,0.5,436,Soldaten Marsch,,,,
13603,100282,226,0.5,452,Soldaten Marsch,,,,
73901,100283,250,1,250,The Wayside Rose,Otto Fischer,,,
73902,100283,266,1,266,The Wayside Rose,,,,
73903,100283,282,1,282,The Wayside Rose,,,,
74001,100284,130,0.5,260,Minuet,Boccherini,,,
74002,100284,138,0.5,276,Minuet,,,,
74003,100284,146,0.5,292,Minuet,,,,
74101,100285,130,0.5,260,The Last Rose of Summer,Ireland Folk Music,,,
74102,100285,138,0.5,276,The Last Rose of Summer,,,,
74103,100285,146,0.5,292,The Last Rose of Summer,,,,
74201,100286,160,0.5,320,Sonata in B-flat Major Mvt.1,Mozart,,,
74202,100286,170,0.5,340,Sonata in B-flat Major Mvt.1,,,,
74203,100286,180,0.5,360,Sonata in B-flat Major Mvt.1,,,,
74301,100287,190,0.5,380,Partita No.6,Bach,,,
74302,100287,198,0.5,396,Partita No.6,,,,
74303,100287,206,0.5,412,Partita No.6,,,,
74401,100288,200,0.5,400,Hunter's Chorus,Weber,,,
74402,100288,208,0.5,416,Hunter's Chorus,,,,
74403,100288,216,0.5,432,Hunter's Chorus,,,,
13701,100289,130,0.5,260,Non Piu Andrai,Mozart,,,
13702,100289,138,0.5,276,Non Piu Andrai,,,,
13703,100289,146,0.5,292,Non Piu Andrai,,,,
13801,100290,150,0.5,300,"Long, Long Ago",Thomas Haynes Bayly,,,
13802,100290,158,0.5,316,"Long, Long Ago",,,,
13803,100290,166,0.5,332,"Long, Long Ago",,,,
13901,100291,160,0.5,320,Rondo A Major,Johann Baptist Vanhal,,,
13902,100291,168,0.5,336,Rondo A Major,,,,
13903,100291,176,0.5,352,Rondo A Major,,,,
73301,100292,370,1,370,Singing I go,William J.Kirkpatrick,,,
73302,100292,386,1,386,Singing I go,,,,
73303,100292,402,1,402,Singing I go,,,,
73401,100293,180,0.5,360,Country Dances,Mozart,,,
73402,100293,188,0.5,376,Country Dances,,,,
73403,100293,196,0.5,392,Country Dances,,,,
73501,100294,190,0.5,380,La Styrienne,F. Burgmuller,,,
73502,100294,198,0.5,396,La Styrienne,,,,
73503,100294,206,0.5,412,La Styrienne,,,,
73601,100295,330,1,330,Cantata No.147,Bach,,,
73602,100295,346,1,346,Cantata No.147,,,,
73603,100295,362,1,362,Cantata No.147,,,,
73701,100296,170,0.5,340,Waltz Op.39 No.15,Johannes Brahms,,,
73702,100296,178,0.5,356,Waltz Op.39 No.15,,,,
73703,100296,186,0.5,372,Waltz Op.39 No.15,,,,
73801,100297,180,0.5,360,Sonata K570 Mvt.3,Mozart,,,
73802,100297,188,0.5,376,Sonata K570 Mvt.3,,,,
73803,100297,196,0.5,392,Sonata K570 Mvt.3,,,,
14001,100298,150,0.5,300,March from Norma,Vincenzo Bellini,,,
14002,100298,158,0.5,316,March from Norma,,,,
14003,100298,166,0.5,332,March from Norma,,,,
14101,100299,190,0.5,380,The music box,Ede Poldini,,,
14102,100299,198,0.5,396,The music box,,,,
14103,100299,206,0.5,412,The music box,,,,
14201,100300,260,1,260,Barcarolle d'Hoffmann,Jacques Offenbach,,,
14202,100300,276,1,276,Barcarolle d'Hoffmann,,,,
14203,100300,292,1,292,Barcarolle d'Hoffmann,,,,
72701,100301,170,0.5,340,The Holy City,Stephen Adams,,,
72702,100301,178,0.5,356,The Holy City,,,,
72703,100301,186,0.5,372,The Holy City,,,,
72801,100302,220,1,220,The day of resurrection,Gesangbuch Wurttemberg,,,
72802,100302,236,1,236,The day of resurrection,,,,
72803,100302,252,1,252,The day of resurrection,,,,
72901,100303,150,0.5,300,Jesus Christ is risen today,John Worgan,,,
72902,100303,158,0.5,316,Jesus Christ is risen today,,,,
72903,100303,166,0.5,332,Jesus Christ is risen today,,,,
73001,100304,250,1,250,Thine is the Glory,Handel,,,
73002,100304,266,1,266,Thine is the Glory,,,,
73003,100304,282,1,282,Thine is the Glory,,,,
73101,100305,120,0.5,240,When He cometh,George F.Root,,,
73102,100305,128,0.5,256,When He cometh,,,,
73103,100305,136,0.5,272,When He cometh,,,,
73201,100306,150,0.5,300,Thanks to god,August Ludvig Storm,,,
73202,100306,158,0.5,316,Thanks to god,,,,
73203,100306,166,0.5,332,Thanks to god,,,,
14301,100307,150,0.5,300,Restless Galop,L. Streabbog,,,
14302,100307,158,0.5,316,Restless Galop,,,,
14303,100307,166,0.5,332,Restless Galop,,,,
14401,100308,150,0.5,300,Prelude in g minor BWV930,Bach,,,
14402,100308,158,0.5,316,Prelude in g minor BWV930,,,,
14403,100308,166,0.5,332,Prelude in g minor BWV930,,,,
14501,100309,100,0.25,400,Elite Syncopations,Scotte Joplin,,,
14502,100309,104,0.25,416,Elite Syncopations,,,,
14503,100309,108,0.25,432,Elite Syncopations,,,,
72201,100310,150,0.5,300,Little Red Riding Hood,Brazilian Children's Song,,,
72202,100310,154,0.5,308,Little Red Riding Hood,,,,
72203,100310,158,0.5,316,Little Red Riding Hood,,,,
72501,100311,150,0.5,300,Tiger's Family,Shih Che Huang,,,
72502,100311,83,0.25,332,Tiger's Family,,,,
72503,100311,90,0.25,360,Tiger's Family,,,,
72101,100312,150,0.5,300,Old Black Joe,Stephen C. Foster,,,
72102,100312,158,0.5,316,Old Black Joe,,,,
72103,100312,166,0.5,332,Old Black Joe,,,,
72301,100313,130,0.5,260,Polonaise Op.40 No.1,Chopin,,,
72302,100313,138,0.5,276,Polonaise Op.40 No.1,,,,
72303,100313,146,0.5,292,Polonaise Op.40 No.1,,,,
72401,100314,250,1,250,Drei Intermezzi,Johannes Brahms,,,
72402,100314,266,1,266,Drei Intermezzi,,,,
72403,100314,282,1,282,Drei Intermezzi,,,,
72601,100315,300,1,300,Longing for Spring K596,Mozart,,,
72602,100315,316,1,316,Longing for Spring K596,,,,
72603,100315,332,1,332,Longing for Spring K596,,,,
14601,100316,150,0.5,300,Andante from Orfeo ed Euridice,C.W.von.Gluck,,,
14602,100316,158,0.5,316,Andante from Orfeo ed Euridice,,,,
14603,100316,166,0.5,332,Andante from Orfeo ed Euridice,,,,
14701,100317,190,0.5,380,Magnetic Rag,Scott Joplin,,,
14702,100317,198,0.5,396,Magnetic Rag,,,,
14703,100317,206,0.5,412,Magnetic Rag,,,,
14801,100318,350,1,350,Starlight Waltz,C.S. Brainard,,,
14802,100318,366,1,366,Starlight Waltz,,,,
14803,100318,382,1,382,Starlight Waltz,,,,
71601,100319,160,0.5,320,Spinner,Russian Folk Music,,,
71602,100319,168,0.5,336,Spinner,,,,
71603,100319,176,0.5,352,Spinner,,,,
71701,100320,120,0.5,240,Birds Worship Phoenix,Chinese Folk Music,,,
71702,100320,128,0.5,256,Birds Worship Phoenix,,,,
71703,100320,136,0.5,272,Birds Worship Phoenix,,,,
71801,100321,120,0.5,240,Bella Ciao,Italian Folk Music,,,
71802,100321,128,0.5,256,Bella Ciao,,,,
71803,100321,136,0.5,272,Bella Ciao,,,,
71901,100322,100,0.25,400,Two Minute Rhapsody,David Lan Yiduo,,,
71902,100322,104,0.25,416,Two Minute Rhapsody,,,,
71903,100322,108,0.25,432,Two Minute Rhapsody,,,,
72001,100323,105,0.5,210,Prisoners Dream,Kyrene,,,
72002,100323,109,0.5,218,Prisoners Dream,,,,
72003,100323,113,0.5,226,Prisoners Dream,,,,
70001,100324,120,0.5,240,London Bridge Is Falling Down,English Folk Music,,,
70002,100324,128,0.5,256,London Bridge Is Falling Down,,,,
70003,100324,136,0.5,272,London Bridge Is Falling Down,,,,
14901,100325,130,0.5,260,Les Sylphes,Georges Bachmann,,,
14902,100325,138,0.5,276,Les Sylphes,,,,
14903,100325,146,0.5,292,Les Sylphes,,,,
15001,100326,280,1,280,Va pensiero,Giuseppe Verdi,,,
15002,100326,296,1,296,Va pensiero,,,,
15003,100326,312,1,312,Va pensiero,,,,
15101,100327,100,0.25,400,Wiener March,Czerny,,,
15102,100327,104,0.25,416,Wiener March,,,,
15103,100327,108,0.25,432,Wiener March,,,,
71001,100328,150,0.5,300,Bella Figlia Dell'Amore,Giuseppe Verdi,,,
71002,100328,158,0.5,316,Bella Figlia Dell'Amore,,,,
71003,100328,80,0.25,320,Bella Figlia Dell'Amore,,,,
71101,100329,130,0.5,260,El Reencuentro,Jorge Monzon,,,
71102,100329,138,0.5,276,El Reencuentro,,,,
71103,100329,146,0.5,292,El Reencuentro,,,,
71201,100330,180,0.5,360,Clair de Lune,Claude Debussy,,,
71202,100330,188,0.5,376,Clair de Lune,,,,
71203,100330,196,0.5,392,Clair de Lune,,,,
71301,100331,83,0.25,332,Csardas,Vittorio Monti,,,
71302,100331,78,0.25,312,Csardas,,,,
71303,100331,78,0.25,312,Csardas,,,,
71401,100332,150,0.5,300,Dance of the Little Swans,Tchaikovsky,,,
71402,100332,158,0.5,316,Dance of the Little Swans,,,,
71403,100332,166,0.5,332,Dance of the Little Swans,,,,
71501,100333,160,0.5,320,Ten Little Indians,American Folk Music,,,
71502,100333,168,0.5,336,Ten Little Indians,,,,
71503,100333,176,0.5,352,Ten Little Indians,,,,
15201,100334,170,0.5,340,Emperor Waltz Op.437,Johann Strauss II,,,
15202,100334,178,0.5,356,Emperor Waltz Op.437,,,,
15203,100334,186,0.5,372,Emperor Waltz Op.437,,,,
15301,100335,270,1,270,Rondo allegretto Op.168 No.1,Diabelli,,,
15302,100335,286,1,286,Rondo allegretto Op.168 No.1,,,,
15303,100335,302,1,302,Rondo allegretto Op.168 No.1,,,,
15401,100336,300,1,300,Andante from Concerto No.21,Mozart,,,
15402,100336,316,1,316,Andante from Concerto No.21,,,,
15403,100336,332,1,332,Andante from Concerto No.21,,,,
70101,100337,140,0.5,280,The Whisper Of West Wind,Zi Huang,,,
70102,100337,148,0.5,296,The Whisper Of West Wind,,,,
70103,100337,156,0.5,312,The Whisper Of West Wind,,,,
70201,100338,120,0.5,240,Moon In Breezy Night,Hua Feng,,,
70202,100338,124,0.5,248,Moon In Breezy Night,,,,
70203,100338,128,0.5,256,Moon In Breezy Night,,,,
70401,100339,103,0.25,412,Sonata for Two Pianos K448,Mozart,,,
70402,100339,94,0.25,376,Sonata for Two Pianos K448,,,,
70403,100339,96,0.25,384,Sonata for Two Pianos K448,,,,
70501,100340,150,0.5,300,Old MacDonald Had a Farm,American Folk Music,,,
70502,100340,158,0.5,316,Old MacDonald Had a Farm,,,,
70503,100340,166,0.5,332,Old MacDonald Had a Farm,,,,
70301,100341,130,0.5,260,Colourful Clouds Chasing The Moon,Chinese Folk Music,,,
70302,100341,75,0.25,300,Colourful Clouds Chasing The Moon,,,,
70303,100341,80,0.25,320,Colourful Clouds Chasing The Moon,,,,
70801,100345,140,0.5,280,The More We Get Together,American Folk Music,,,
70802,100345,148,0.5,296,The More We Get Together,,,,
70803,100345,156,0.5,312,The More We Get Together,,,,
15501,100346,80,0.25,320,Alles fuhlt der Liebe Freuden,Mozart,,,
15502,100346,84,0.25,336,Alles fuhlt der Liebe Freuden,,,,
15503,100346,88,0.25,352,Alles fuhlt der Liebe Freuden,,,,
15601,100347,95,0.25,380,Rondo in C Major Op.51 No.1,Beethoven,,,
15602,100347,99,0.25,396,Rondo in C Major Op.51 No.1,,,,
15603,100347,103,0.25,412,Rondo in C Major Op.51 No.1,,,,
15701,100348,120,0.5,240,Rondo alla Turca Op.68 No.3,Friedrich Burgnlueller,,,
15702,100348,128,0.5,256,Rondo alla Turca Op.68 No.3,,,,
15703,100348,136,0.5,272,Rondo alla Turca Op.68 No.3,,,,
15801,100349,100,0.5,200,Piano Tiles,Congfei Wei,,,
15802,100349,100,0.5,200,Piano Tiles,,,,
15803,100349,100,0.5,200,Piano Tiles,,,,
70601,100350,120,0.5,240,Kitten Cleo,Julian Martinez,,,
70602,100350,128,0.5,256,Kitten Cleo,,,,
70603,100350,136,0.5,272,Kitten Cleo,,,,
70701,100351,130,0.5,260,Johnny Has Gone for a Soldier,English Folk Music,,,
70702,100351,70,0.25,280,Johnny Has Gone for a Soldier,,,,
70703,100351,74,0.25,296,Johnny Has Gone for a Soldier,,,,
70901,100352,160,0.5,320,Spirits Of The Wetlands,Wu Judy Chin - tai,,,
70902,100352,164,0.5,328,Spirits Of The Wetlands,,,,
70903,100352,168,0.5,336,Spirits Of The Wetlands,,,,
88901,100353,230,0.5,460,Dance Of The Golden Snake 2,Er Nie,,,
88902,100353,238,0.5,476,Dance Of The Golden Snake 2,,,,
88903,100353,246,0.5,492,Dance Of The Golden Snake 2,,,,
89001,100354,180,0.5,360,Indian Dreams,Adapted by Pi,,,
89002,100354,188,0.5,376,Indian Dreams,,,,
89003,100354,196,0.5,392,Indian Dreams,,,,
89101,100355,100,0.25,400,British Hunters,Adapted by Pi,,,
89102,100355,104,0.25,416,British Hunters,,,,
89103,100355,108,0.25,432,British Hunters,,,,
89201,100356,200,0.5,400,Champagne Bridge,Adapted by Pi,,,
89202,100356,202,0.5,404,Champagne Bridge,,,,
89203,100356,204,0.5,408,Champagne Bridge,,,,
89301,100357,100,0.25,400,Flowers and Fishes,Adapted by Pi,,,
89302,100357,102,0.25,408,Flowers and Fishes,,,,
89303,100357,104,0.25,416,Flowers and Fishes,,,,
89401,100358,250,0.5,500,Star Clock,Adapted by Pi,,,
89402,100358,251,0.5,502,Star Clock,,,,
89403,100358,252,0.5,504,Star Clock,,,,
89501,100359,210,0.5,420,Etude Op.299 No.11,Czerny,,,
89502,100359,218,0.5,436,Etude Op.299 No.11,,,,
89503,100359,226,0.5,452,Etude Op.299 No.11,,,,
89601,100360,220,0.5,440,Etude Op.740 No.42,Czerny,,,
89602,100360,228,0.5,456,Etude Op.740 No.42,,,,
89603,100360,236,0.5,472,Etude Op.740 No.42,,,,
89701,100361,110,0.25,440,Etude Op.849 No.6,Czerny,,,
89702,100361,114,0.25,456,Etude Op.849 No.6,,,,
89703,100361,118,0.25,472,Etude Op.849 No.6,,,,
89801,100362,114,0.25,456,Etude Op.849 No.21,Czerny,,,
89802,100362,118,0.25,472,Etude Op.849 No.21,,,,
89803,100362,122,0.25,488,Etude Op.849 No.21,,,,
89901,100501,60,0.125,480,Etude Op.740 No.19,Czerny,,,
89902,100501,61,0.125,488,Etude Op.740 No.19,,,,
89903,100501,62,0.125,496,Etude Op.740 No.19,,,,
90101,100502,160,0.25,640,Final Boss Appassionata,Beeps,,,
90102,100502,160,0.25,640,Final Boss Appassionata,,,,
90103,100502,165,0.25,660,Final Boss Appassionata,,,,
90201,100503,250,0.5,500,Final Boss Big Star,Southey,,,
90202,100503,255,0.5,510,Final Boss Big Star,,,,
90203,100503,150,0.25,600,Final Boss Big Star,,,,
90301,100504,180,0.25,720,Final Boss Clarinet Polka,Beeps,,,
90302,100504,182,0.25,728,Final Boss Clarinet Polka,,,,
90303,100504,184,0.25,736,Final Boss Clarinet Polka,,,,
90401,100505,180,0.25,720,Final Boss Invention,Beeps,,,
90402,100505,180,0.25,720,Final Boss Invention,,,,
90403,100505,184,0.25,736,Final Boss Invention,,,,
90501,100506,375,0.5,750,Final Boss Nocturne,Beeps,,,
90502,100506,380,0.5,760,Final Boss Nocturne,,,,
90503,100506,385,0.5,770,Final Boss Nocturne,,,,
90601,100507,390,0.5,780,Final Boss Romance De Amor,Beeps,,,
90602,100507,393,0.5,786,Final Boss Romance De Amor,,,,
90603,100507,396,0.5,792,Final Boss Romance De Amor,,,,
90701,100508,345,0.5,690,Final Boss Serenade,Beeps,,,
90702,100508,350,0.5,700,Final Boss Serenade,,,,
90703,100508,355,0.5,710,Final Boss Serenade,,,,
90801,100509,160,0.25,640,Final Boss Two Pianos Sonata,Beeps,,,
90802,100509,160,0.25,640,Final Boss Two Pianos Sonata,,,,
90803,100509,165,0.25,660,Final Boss Two Pianos Sonata,,,,
90901,100510,160,0.25,640,Final Boss Csardas Macabre,Franz Liszt,,,
90902,100510,160,0.25,640,Final Boss Csardas Macabre,,,,
90903,100510,165,0.25,660,Final Boss Csardas Macabre,,,,
91001,100511,185,0.25,740,Final Boss Recuerdos de la Alhambra,Francisco Tarrega,,,
91002,100511,190,0.25,760,Final Boss Recuerdos de la Alhambra,,,,
91003,100511,195,0.25,780,Final Boss Recuerdos de la Alhambra,,,,
100101,100601,180,0.5,360,Hungarian Rhapsody No.2 (Full Ver),Franz Liszt,,,
100102,100601,250,0.5,500,Hungarian Rhapsody No.2 (Full Ver),,,,
100103,100601,270,0.5,540,Hungarian Rhapsody No.2 (Full Ver),,,,
100201,100602,300,0.5,600,Flight of the Bumblebee (Full Ver),Rimsky-Korsakov,,,
100202,100602,300,0.5,600,Flight of the Bumblebee (Full Ver),,,,
100203,100602,300,0.5,600,Flight of the Bumblebee (Full Ver),,,,
100301,100603,320,0.5,640,Moonlight Sonata Mvt.3 (Full ver),Ludwig van Beethoven,,,
100302,100603,320,0.5,640,Moonlight Sonata Mvt.3 (Full ver),,,,
100303,100603,320,0.5,640,Moonlight Sonata Mvt.3 (Full ver),,,,
100401,100604,120,0.5,240,Etude Op.10 No.5 (Full Ver),Frederic Chopin,,,
100402,100604,120,0.5,240,Etude Op.10 No.5 (Full Ver),,,,
100403,100604,120,0.5,240,Etude Op.10 No.5 (Full Ver),,,,
100501,100605,300,0.5,600,Fantasie Impromptu (Full Ver),Frederic Chopin,,,
100502,100605,285,0.5,570,Fantasie Impromptu (Full Ver),,,,
100503,100605,300,0.5,600,Fantasie Impromptu (Full Ver),,,,
100601,100606,140,0.5,280,Liebestraum No.3 (Full Ver),Franz Liszt,,,
100602,100606,140,0.5,280,Liebestraum No.3 (Full Ver),Franz Liszt,,,
100603,100606,140,0.5,280,Liebestraum No.3 (Full Ver),Franz Liszt,,,
100701,100607,156,0.5,312,Old town,Congfei Wei,,,
100702,100607,158,0.5,316,Old town,Congfei Wei,,,
100703,100607,160,0.5,320,Old town,Congfei Wei,,,
100801,100608,62,0.25,248,Don't stay,Congfei Wei,,,
100802,100608,64,0.25,256,Don't stay,Congfei Wei,,,
100803,100608,66,0.25,264,Don't stay,Congfei Wei,,,
100901,100609,60,0.5,120,Monochrome filter,Congfei Wei,,,
100902,100609,62,0.5,124,Monochrome filter,Congfei Wei,,,
100903,100609,64,0.5,128,Monochrome filter,Congfei Wei,,,
101001,100610,80,0.25,320,Beo dat may troi,Vietnamese Folk Music,,,
101002,100610,84,0.25,336,Beo dat may troi,,,,
101003,100610,88,0.25,352,Beo dat may troi,,,,
101101,100611,456,0.75,608,Four Seasons - Winter,Antonio Vivaldi,,,
101102,100611,456,0.75,608,Four Seasons - Winter,,,,
101103,100611,456,0.75,608,Four Seasons - Winter,,,,
190101,200001,50,0.25,,Beginner Challenge,,0.037,,
190102,200001,0,,,Beginner Challenge,,,,
190103,200001,0,,,Beginner Challenge,,,,
190104,200001,0,,,Beginner Challenge,,,,
190105,200001,0,,,Beginner Challenge,,,,
190106,200001,0,,,Beginner Challenge,,,,
190107,200001,0,,,Beginner Challenge,,,,
190108,200001,0,,,Beginner Challenge,,,,
190201,200002,75,0.25,,Skilled Challenge,,0.055,,
190202,200002,0,,,Skilled Challenge,,,,
190203,200002,0,,,Skilled Challenge,,,,
190204,200002,0,,,Skilled Challenge,,,,
190205,200002,0,,,Skilled Challenge,,,,
190301,200003,113,0.25,,Master Challenge,,0.055,,
190302,200003,0,,,Master Challenge,,,,
190303,200003,0,,,Master Challenge,,,,
190304,200003,0,,,Master Challenge,,,,
190305,200003,0,,,Master Challenge,,,,
190306,200003,0,,,Master Challenge,,,,
190307,200003,0,,,Master Challenge,,,,
190308,200003,0,,,Master Challenge,,,,
190401,200004,150,0.5,,Single tile,,0.0875,,
190402,200004,0,,,Single tile,,,,
190403,200004,0,,,Single tile,,,,
190404,200004,0,,,Single tile,,,,
190405,200004,0,,,Single tile,,,,
190501,200005,150,0.5,,Double tile,,0.03,,
190502,200005,0,,,Double tile,,,,
190503,200005,0,,,Double tile,,,,
190504,200005,0,,,Double tile,,,,
190505,200005,0,,,Double tile,,,,
190601,200006,150,0.5,,Combo tile,,0.06,,
190602,200006,0,,,Combo tile,,,,
190603,200006,0,,,Combo tile,,,,
190604,200006,0,,,Combo tile,,,,
190605,200006,0,,,Combo tile,,,,
190701,200007,120,0.5,,Slider tile,,0.06,,
190702,200007,0,,,Slider tile,,,,
190703,200007,0,,,Slider tile,,,,
190704,200007,0,,,Slider tile,,,,
190801,200008,210,1,,Accompaniment tile,,0.05,,
190802,200008,0,,,Accompaniment tile,,,,
190803,200008,0,,,Accompaniment tile,,,,
190804,200008,0,,,Accompaniment tile,,,,
191001,200009,90,,,Classic,,,,
